{
  "trading_user_01": {
    "account_id": "11118c41-4a0e-44c0-9070-f2e8f75f8e6c",
    "user_id": "trading_user_01",
    "balance": 100000,
    "initial_balance": 100000,
    "portfolio": {},
    "bots": [],
    "trade_history": [],
    "performance_history": [
      {
        "timestamp": 1749536991.6676207,
        "balance": 100000,
        "portfolio_value": 0,
        "total_value": 100000
      },
      {
        "timestamp": 1749540597.8056643,
        "balance": 100000,
        "portfolio_value": 0,
        "total_value": 100000,
        "total_initial": 100000,
        "pnl": 0,
        "pnl_percent": 0.0
      }
    ],
    "created_at": 1749536991.6676207
  },
  "default_user": {
    "account_id": "b5cd0dcd-de4c-4dc9-a094-a1c392df05fa",
    "user_id": "default_user",
    "balance": 100000,
    "initial_balance": 100000,
    "portfolio": {},
    "bots": [],
    "trade_history": [],
    "performance_history": [
      {
        "timestamp": 1749537518.3419333,
        "balance": 100000,
        "portfolio_value": 0,
        "total_value": 100000
      },
      {
        "timestamp": 1749541149.7522595,
        "balance": 100000,
        "portfolio_value": 0,
        "total_value": 100000,
        "total_initial": 100000,
        "pnl": 0,
        "pnl_percent": 0.0
      }
    ],
    "created_at": 1749537518.3419333
  }
}